sentence,sentiment
Deep learning has yielded some remarkable results in recent years and is now finding its way into several commercially-available tools.,0.959867
But one of the shortcomings (arguably) in current approaches to deep learning is that it is unclear what exactly these methods are learning.,0.810648
What is the significance of this current lack of understanding?,0.0
What are the ethical ramifications of this issue?,0.0
How might this affect the long-run viability of the techniques that are emerging?,0.0
The lack of understanding of what deep learning methods are learning is a significant challenge for several reasons.,0.737582
"First, it limits our ability to improve these methods or explain their behavior in specific contexts.",0.0
It also raises concerns about the fairness and transparency of automated decision-making systems that rely on deep learning.,0.6719
"From an ethical perspective, the lack of interpretability in deep learning methods raises issues of accountability and transparency.",0.289289
"For instance, if an automated decision-making system based on deep learning makes a decision that has a negative impact on someone's life, it can be challenging to understand how and why the system arrived at that decision, making it difficult to hold those responsible for the decision-making process accountable.",-0.648658
"Furthermore, the lack of interpretability raises concerns about bias and discrimination.",-0.674233
"If the system's training data contains biased or discriminatory information, the model may learn these biases and discriminate against certain groups without being apparent to the end-user.",0.0
"In terms of the long-run viability of deep learning techniques, the lack of interpretability could lead to reduced trust and adoption of these methods.",0.298765
"If end-users cannot understand or explain the behavior of a deep learning system, they may be less likely to trust it or use it in critical applications.",-0.631145
"To mitigate these issues, researchers are working on developing methods for explaining and interpreting the behavior of deep learning models.",0.706187
"This includes techniques like visualization and feature attribution, which help to understand which parts of the input data are most influential in the model's decision-making process.",0.632268
"In conclusion, while the current lack of understanding of what deep learning methods are learning presents significant challenges for the use and development of these techniques, ongoing research in explainability and interpretability shows promise in addressing these issues and improving the fairness and transparency of automated decision-making systems.",0.814964
What strategies can you think of to address the issue in terms of gaining a better understanding of what these models are learning?,0.0
There are several strategies that can be used to address the issue of gaining a better understanding of what deep learning models are learning.,0.66509
"Here are some examples:

Interpretable models: Researchers can focus on developing models that are inherently interpretable.",0.0
"These models could be designed to provide insights into the reasoning process used to arrive at a decision, making it easier to understand how they work.",0.680171
Visualization techniques: Visualization techniques can help researchers better understand the inner workings of deep learning models.,0.0
"For instance, activation maps can be used to visualize which parts of the input data the model is focusing on to make a decision.",0.0
Feature attribution: Feature attribution techniques can be used to understand which input features are most influential in the model's decision-making process.,0.0
This information can help identify which features are leading to biased or discriminatory decision-making.,0.0
Adversarial testing: Adversarial testing involves deliberately introducing small perturbations to the input data to test the robustness of the model.,0.0
This technique can help identify weaknesses in the model and provide insights into the decision-making process.,0.650543
Ensemble methods: Ensemble methods involve combining multiple models to make a decision.,0.0
This approach can provide a more comprehensive understanding of the decision-making process and help identify inconsistencies or biases in individual models.,0.818932
Explainability tools: Explainability tools can be used to provide end-users with insights into how a model arrived at a decision.,0.701429
These tools can help build trust in the model and improve its usability.,0.978207
"Overall, addressing the issue of gaining a better understanding of what deep learning models are learning requires a multi-faceted approach that involves both developing new techniques and improving the interpretability of existing models.",0.960479
"What alternative ""deep"" methods might be able to address these concerns?",0.0
"There are alternative ""deep"" methods that could be used to address the concerns around the lack of interpretability and explainability in deep learning.",0.0
"Here are some examples:

Symbolic AI: Symbolic AI is an alternative approach to deep learning that focuses on reasoning and logical inference.",0.0
"This method represents knowledge in the form of symbols and uses logic to reason about them, making it more transparent and interpretable.",0.775225
Rule-based systems: Rule-based systems are a type of expert system that uses a set of rules to make decisions.,0.753677
These systems are highly interpretable and explainable since the rules used to make decisions are explicitly defined.,0.0
Bayesian networks: Bayesian networks are probabilistic models that represent the relationships between variables in a graph structure.,0.0
These models are highly interpretable since they provide insights into the causal relationships between variables.,0.716735
Decision trees: Decision trees are a type of machine learning model that uses a tree-like structure to represent decisions and their consequences.,0.768673
These models are highly interpretable and can be used to identify the most important features for decision-making.,0.710785
Fuzzy logic: Fuzzy logic is a form of multi-valued logic that allows for the representation of uncertainty and imprecision.,0.55006
This method is useful in situations where decision-making is uncertain or ambiguous.,0.575707
"While these alternative methods offer more interpretability and explainability than deep learning, they may not perform as well in certain applications where deep learning excels.",0.652924
"Therefore, the choice of which method to use ultimately depends on the specific use case and the desired trade-off between performance and interpretability.",0.0
